specimen, type
Nerodia_rhombifer, museum_voucher
Nerodia_rhombifer, museum_voucher
Nerodia_rhombifer, museum_voucher
Nerodia_rhombifer, museum_voucher
Nerodia_rhombifer, museum_voucher
Nerodia_rhombifer, museum_voucher
Nerodia_rhombifer, museum_voucher
Nerodia_rhombifer, museum_voucher
Nerodia_rhombifer, museum_voucher
Nerodia_rhombifer, museum_voucher
Nerodia_rhombifer, museum_voucher
Nerodia_rhombifer, museum_voucher
Nerodia_rhombifer, museum_voucher
Nerodia_rhombifer, museum_voucher
Nerodia_rhombifer, museum_voucher
Nerodia_rhombifer, museum_voucher
Nerodia_rhombifer, museum_voucher
Nerodia_rhombifer, museum_voucher
Nerodia_rhombifer, museum_voucher
Nerodia_rhombifer, museum_voucher
Nerodia_rhombifer, museum_voucher
Nerodia_rhombifer, museum_voucher
Nerodia_rhombifer, museum_voucher
Nerodia_rhombifer, museum_voucher
Nerodia_rhombifer, museum_voucher
Nerodia_rhombifer, museum_voucher
Nerodia_rhombifer, museum_voucher
Nerodia_rhombifer, museum_voucher
Nerodia_rhombifer, museum_voucher
Nerodia_rhombifer, museum_voucher
Nerodia_rhombifer, museum_voucher
Nerodia_rhombifer, museum_voucher
Nerodia_rhombifer, museum_voucher
Nerodia_rhombifer, museum_voucher
Nerodia_rhombifer, museum_voucher
Nerodia_rhombifer, museum_voucher
Nerodia_rhombifer, museum_voucher
Nerodia_rhombifer, museum_voucher
Nerodia_rhombifer, museum_voucher
Nerodia_rhombifer, museum_voucher
Nerodia_rhombifer, museum_voucher
Nerodia_rhombifer, museum_voucher
Nerodia_rhombifer, museum_voucher
Nerodia_rhombifer, museum_voucher
Nerodia_rhombifer, museum_voucher
Nerodia_rhombifer, museum_voucher
Nerodia_rhombifer, museum_voucher
Nerodia_rhombifer, museum_voucher
Nerodia_rhombifer, museum_voucher
Nerodia_rhombifer, museum_voucher
Nerodia_rhombifer, museum_voucher
Nerodia_rhombifer, museum_voucher
Nerodia_rhombifer, museum_voucher
Nerodia_rhombifer, museum_voucher
Nerodia_rhombifer, museum_voucher
Nerodia_rhombifer, museum_voucher
Nerodia_rhombifer, museum_voucher
Nerodia_rhombifer, museum_voucher
Nerodia_rhombifer, museum_voucher
Nerodia_rhombifer, museum_voucher
Nerodia_rhombifer, museum_voucher
Nerodia_rhombifer, museum_voucher
Nerodia_rhombifer, museum_voucher
Nerodia_rhombifer, museum_voucher
Nerodia_rhombifer, museum_voucher
Nerodia_rhombifer, museum_voucher
Nerodia_rhombifer, museum_voucher
Nerodia_rhombifer, museum_voucher
Nerodia_rhombifer, museum_voucher
Nerodia_rhombifer, museum_voucher
Nerodia_rhombifer, museum_voucher
Nerodia_rhombifer, museum_voucher
Nerodia_rhombifer, museum_voucher
Nerodia_rhombifer, museum_voucher
Nerodia_rhombifer, museum_voucher
Nerodia_rhombifer, museum_voucher
Nerodia_rhombifer, museum_voucher
Nerodia_rhombifer, museum_voucher
Nerodia_rhombifer, museum_voucher
Nerodia_rhombifer, museum_voucher
Nerodia_rhombifer, museum_voucher
Nerodia_rhombifer, museum_voucher
Nerodia_rhombifer, museum_voucher
Nerodia_rhombifer, museum_voucher
Nerodia_rhombifer, museum_voucher
Nerodia_rhombifer, museum_voucher
Nerodia_rhombifer, museum_voucher
Nerodia_rhombifer, museum_voucher
Nerodia_rhombifer, museum_voucher
Nerodia_rhombifer, museum_voucher
Nerodia_rhombifer, museum_voucher
Nerodia_rhombifer, museum_voucher
Nerodia_rhombifer, museum_voucher
Nerodia_rhombifer, museum_voucher
Nerodia_rhombifer, museum_voucher
Nerodia_rhombifer, museum_voucher
Nerodia_rhombifer, museum_voucher
Nerodia_rhombifer, museum_voucher
Nerodia_rhombifer, museum_voucher
Nerodia_rhombifer, museum_voucher
Nerodia_rhombifer, museum_voucher
Nerodia_rhombifer, museum_voucher
Nerodia_rhombifer, museum_voucher
Nerodia_rhombifer, museum_voucher
Nerodia_rhombifer, museum_voucher
Nerodia_rhombifer, museum_voucher
Nerodia_rhombifer, museum_voucher
Nerodia_rhombifer, museum_voucher
Nerodia_rhombifer, museum_voucher
Nerodia_rhombifer, museum_voucher
Nerodia_rhombifer, museum_voucher
Nerodia_rhombifer, museum_voucher
Nerodia_rhombifer, museum_voucher
Nerodia_rhombifer, museum_voucher
Nerodia_rhombifer, museum_voucher
Nerodia_rhombifer, museum_voucher
Nerodia_rhombifer, museum_voucher
Nerodia_rhombifer, museum_voucher
Nerodia_rhombifer, museum_voucher
Nerodia_rhombifer, museum_voucher
Nerodia_rhombifer, museum_voucher
Nerodia_rhombifer, museum_voucher
Nerodia_rhombifer, museum_voucher
Nerodia_rhombifer, museum_voucher
Nerodia_rhombifer, museum_voucher
Nerodia_rhombifer, museum_voucher
Nerodia_rhombifer, museum_voucher
Nerodia_rhombifer, museum_voucher
Nerodia_rhombifer, museum_voucher
Nerodia_rhombifer, museum_voucher
Nerodia_rhombifer, museum_voucher
Nerodia_rhombifer, museum_voucher
Nerodia_rhombifer, museum_voucher
Nerodia_rhombifer, museum_voucher
Nerodia_rhombifer, museum_voucher
Nerodia_rhombifer, museum_voucher
Nerodia_rhombifer, museum_voucher
Nerodia_rhombifer, museum_voucher
Nerodia_rhombifer, museum_voucher
Nerodia_rhombifer, museum_voucher
Nerodia_rhombifer, museum_voucher
Nerodia_rhombifer, museum_voucher
Nerodia_rhombifer, museum_voucher
Nerodia_rhombifer, museum_voucher
Nerodia_rhombifer, museum_voucher
Nerodia_rhombifer, museum_voucher
Nerodia_rhombifer, museum_voucher
Nerodia_rhombifer, museum_voucher
Nerodia_rhombifer, museum_voucher
Nerodia_rhombifer, museum_voucher
Nerodia_rhombifer, museum_voucher
Nerodia_rhombifer, museum_voucher
Nerodia_rhombifer, museum_voucher
Nerodia_rhombifer, museum_voucher
Nerodia_rhombifer, museum_voucher
Nerodia_rhombifer, museum_voucher
Nerodia_rhombifer, museum_voucher
Nerodia_rhombifer, museum_voucher
Nerodia_rhombifer, museum_voucher
Nerodia_rhombifer, museum_voucher
Nerodia_rhombifer, museum_voucher
Nerodia_rhombifer, museum_voucher
Nerodia_rhombifer, museum_voucher
Nerodia_rhombifer, museum_voucher
Nerodia_rhombifer, museum_voucher
Nerodia_rhombifer, museum_voucher
Nerodia_rhombifer, museum_voucher
Nerodia_rhombifer, museum_voucher
Nerodia_rhombifer, museum_voucher
Nerodia_rhombifer, museum_voucher
Nerodia_rhombifer, museum_voucher
Nerodia_rhombifer, museum_voucher
Nerodia_rhombifer, museum_voucher
Nerodia_rhombifer, museum_voucher
Nerodia_rhombifer, museum_voucher
Nerodia_rhombifer, museum_voucher
Nerodia_rhombifer, museum_voucher
Nerodia_rhombifer, museum_voucher
Nerodia_rhombifer, museum_voucher
Nerodia_rhombifer, museum_voucher
Nerodia_rhombifer, museum_voucher
Nerodia_rhombifer, museum_voucher
Nerodia_rhombifer, museum_voucher
Nerodia_rhombifer, museum_voucher
Nerodia_rhombifer, museum_voucher
Nerodia_rhombifer, museum_voucher
Nerodia_rhombifer, museum_voucher
Nerodia_rhombifer, museum_voucher
Nerodia_rhombifer, museum_voucher
Nerodia_rhombifer, museum_voucher
Nerodia_rhombifer, museum_voucher
Nerodia_rhombifer, museum_voucher
Nerodia_rhombifer, museum_voucher
Nerodia_rhombifer, museum_voucher
Nerodia_rhombifer, museum_voucher
Nerodia_rhombifer, museum_voucher
Nerodia_rhombifer, museum_voucher
Nerodia_rhombifer, museum_voucher
Nerodia_rhombifer, museum_voucher
Nerodia_rhombifer, museum_voucher
Nerodia_rhombifer, museum_voucher
Nerodia_rhombifer, museum_voucher
Nerodia_rhombifer, museum_voucher
Nerodia_rhombifer, museum_voucher
Nerodia_rhombifer, museum_voucher
Nerodia_rhombifer, museum_voucher
Nerodia_rhombifer, museum_voucher
Nerodia_rhombifer, museum_voucher
Nerodia_rhombifer, museum_voucher
Nerodia_rhombifer, museum_voucher
Nerodia_rhombifer, museum_voucher
Nerodia_rhombifer, museum_voucher
Nerodia_rhombifer, museum_voucher
Nerodia_rhombifer, museum_voucher
Nerodia_rhombifer, museum_voucher
Nerodia_rhombifer, museum_voucher
Nerodia_rhombifer, museum_voucher
Nerodia_rhombifer, museum_voucher
Nerodia_rhombifer, museum_voucher
Nerodia_rhombifer, museum_voucher
Nerodia_rhombifer, museum_voucher
Nerodia_rhombifer, museum_voucher
Nerodia_rhombifer, museum_voucher
Nerodia_rhombifer, museum_voucher
Nerodia_rhombifer, museum_voucher
Nerodia_rhombifer, museum_voucher
Nerodia_rhombifer, museum_voucher
Nerodia_rhombifer, museum_voucher
Nerodia_rhombifer, museum_voucher
Nerodia_rhombifer, museum_voucher
Nerodia_rhombifer, museum_voucher
Nerodia_rhombifer, museum_voucher
Nerodia_rhombifer, museum_voucher
Nerodia_rhombifer, museum_voucher
Nerodia_rhombifer, museum_voucher
Nerodia_rhombifer, museum_voucher
Nerodia_rhombifer, museum_voucher
Nerodia_rhombifer, museum_voucher
Nerodia_rhombifer, museum_voucher
Nerodia_rhombifer, museum_voucher
Nerodia_rhombifer, museum_voucher
Nerodia_rhombifer, museum_voucher
Nerodia_rhombifer, museum_voucher
Nerodia_rhombifer, museum_voucher
Nerodia_rhombifer, museum_voucher
Nerodia_rhombifer, museum_voucher
Nerodia_rhombifer, museum_voucher
Nerodia_rhombifer, museum_voucher
Nerodia_rhombifer, museum_voucher
Nerodia_rhombifer, museum_voucher
Nerodia_rhombifer, museum_voucher
Nerodia_rhombifer, museum_voucher
Nerodia_rhombifer, museum_voucher
Nerodia_rhombifer, museum_voucher
Nerodia_rhombifer, museum_voucher
Nerodia_rhombifer, museum_voucher
Nerodia_rhombifer, museum_voucher
Nerodia_rhombifer, museum_voucher
Nerodia_rhombifer, museum_voucher
Nerodia_rhombifer, museum_voucher
Nerodia_rhombifer, museum_voucher
Nerodia_rhombifer, museum_voucher
Nerodia_rhombifer, museum_voucher
Nerodia_rhombifer, museum_voucher
Nerodia_rhombifer, museum_voucher
Nerodia_rhombifer, museum_voucher
Nerodia_rhombifer, museum_voucher
Nerodia_rhombifer, museum_voucher
Nerodia_rhombifer, museum_voucher
Nerodia_rhombifer, museum_voucher
Nerodia_rhombifer, museum_voucher
Nerodia_rhombifer, museum_voucher
Nerodia_rhombifer, museum_voucher
Nerodia_rhombifer, museum_voucher
Nerodia_rhombifer, museum_voucher
Nerodia_rhombifer, museum_voucher
Nerodia_rhombifer, museum_voucher
Nerodia_rhombifer, museum_voucher
Nerodia_rhombifer, museum_voucher
Nerodia_rhombifer, museum_voucher
Nerodia_rhombifer, museum_voucher
Nerodia_rhombifer, museum_voucher
Nerodia_rhombifer, museum_voucher
Nerodia_rhombifer, museum_voucher
Nerodia_rhombifer, museum_voucher
Nerodia_rhombifer, museum_voucher
Nerodia_rhombifer, museum_voucher
Nerodia_rhombifer, museum_voucher
Nerodia_rhombifer, museum_voucher
Nerodia_rhombifer, museum_voucher
Nerodia_rhombifer, museum_voucher
Nerodia_rhombifer, museum_voucher
Nerodia_rhombifer, museum_voucher
Nerodia_rhombifer, museum_voucher
Nerodia_rhombifer, museum_voucher
Nerodia_rhombifer, museum_voucher
Nerodia_rhombifer, museum_voucher
Nerodia_rhombifer, museum_voucher
Nerodia_rhombifer, museum_voucher
Nerodia_rhombifer, museum_voucher
Nerodia_rhombifer, museum_voucher
Nerodia_rhombifer, museum_voucher
Nerodia_rhombifer, museum_voucher
Nerodia_rhombifer, museum_voucher
Nerodia_rhombifer, museum_voucher
Nerodia_rhombifer, museum_voucher
Nerodia_rhombifer, museum_voucher
Nerodia_rhombifer, museum_voucher
Nerodia_rhombifer, museum_voucher
Nerodia_rhombifer, museum_voucher
Nerodia_rhombifer, museum_voucher
Nerodia_rhombifer, museum_voucher
Nerodia_rhombifer, museum_voucher
Nerodia_rhombifer, museum_voucher
Nerodia_rhombifer, museum_voucher
Nerodia_rhombifer, museum_voucher
Nerodia_rhombifer, museum_voucher
Nerodia_rhombifer, museum_voucher
Nerodia_rhombifer, museum_voucher
Nerodia_rhombifer, museum_voucher
Nerodia_rhombifer, museum_voucher
Nerodia_rhombifer, museum_voucher
Nerodia_rhombifer, museum_voucher
Nerodia_rhombifer, museum_voucher
Nerodia_rhombifer, museum_voucher
Nerodia_rhombifer, museum_voucher
Nerodia_rhombifer, museum_voucher
Nerodia_rhombifer, museum_voucher
Nerodia_rhombifer, museum_voucher
Nerodia_rhombifer, museum_voucher
Nerodia_rhombifer, museum_voucher
Nerodia_rhombifer, museum_voucher
Nerodia_rhombifer, museum_voucher
Nerodia_rhombifer, museum_voucher
Nerodia_rhombifer, museum_voucher
Nerodia_rhombifer, museum_voucher
Nerodia_rhombifer, museum_voucher
Nerodia_rhombifer, museum_voucher
Nerodia_rhombifer, museum_voucher
Nerodia_rhombifer, museum_voucher
Nerodia_rhombifer, museum_voucher
Nerodia_rhombifer, museum_voucher
Nerodia_rhombifer, museum_voucher
Nerodia_rhombifer, museum_voucher
Nerodia_rhombifer, museum_voucher
Nerodia_rhombifer, museum_voucher
Nerodia_rhombifer, museum_voucher
Nerodia_rhombifer, museum_voucher
Nerodia_rhombifer, museum_voucher
Nerodia_rhombifer, museum_voucher
Nerodia_rhombifer, museum_voucher
Nerodia_rhombifer, museum_voucher
Nerodia_rhombifer, museum_voucher
Nerodia_rhombifer, museum_voucher
Nerodia_rhombifer, museum_voucher
Nerodia_rhombifer, museum_voucher
Nerodia_rhombifer, museum_voucher
Nerodia_rhombifer, museum_voucher
Nerodia_rhombifer, museum_voucher
Nerodia_rhombifer, museum_voucher
Nerodia_rhombifer, museum_voucher
Nerodia_rhombifer, museum_voucher
Nerodia_rhombifer, museum_voucher
Nerodia_rhombifer, museum_voucher
Nerodia_rhombifer, museum_voucher
Nerodia_rhombifer, museum_voucher
Nerodia_rhombifer, museum_voucher
Nerodia_rhombifer, museum_voucher
Nerodia_rhombifer, museum_voucher
Nerodia_rhombifer, museum_voucher
Nerodia_rhombifer, museum_voucher
Nerodia_rhombifer, museum_voucher
Nerodia_rhombifer, museum_voucher
Nerodia_rhombifer, museum_voucher
Nerodia_rhombifer, museum_voucher
Nerodia_rhombifer, museum_voucher
Nerodia_rhombifer, museum_voucher
Nerodia_rhombifer, museum_voucher
Nerodia_rhombifer, museum_voucher
Nerodia_rhombifer, museum_voucher
Nerodia_rhombifer, museum_voucher
Nerodia_rhombifer, museum_voucher
Nerodia_rhombifer, museum_voucher
Nerodia_rhombifer, museum_voucher
Nerodia_rhombifer, museum_voucher
Nerodia_rhombifer, museum_voucher
Nerodia_rhombifer, museum_voucher
Nerodia_rhombifer, museum_voucher
Nerodia_rhombifer, museum_voucher
Nerodia_rhombifer, museum_voucher
Nerodia_rhombifer, museum_voucher
Nerodia_rhombifer, museum_voucher
Nerodia_rhombifer, museum_voucher
Nerodia_rhombifer, museum_voucher
Nerodia_rhombifer, museum_voucher
Nerodia_rhombifer, museum_voucher
Nerodia_rhombifer, museum_voucher
Nerodia_rhombifer, museum_voucher
Nerodia_rhombifer, museum_voucher
Nerodia_rhombifer, museum_voucher
Nerodia_rhombifer, museum_voucher
Nerodia_rhombifer, museum_voucher
Nerodia_rhombifer, museum_voucher
Nerodia_rhombifer, museum_voucher
Nerodia_rhombifer, museum_voucher
Nerodia_rhombifer, museum_voucher